measure,test,alternative,effect,p,n_used,n_top,n_bg,p_bh
lof_intolerant,cmh,greater,2.1846405228758172,0.01452276796678581,194,136,58,0.05809107186714324
systemic_risk,cmh,greater,2.526315789473684,0.06388736143021283,204,144,60,0.16890408304915028
is_ceg,cmh,greater,2.2756756756756755,0.2136155091937667,204,144,60,0.33633291608236054
ubiquitous,cmh,greater,1.966131907308378,0.2723568697687673,204,144,60,0.33633291608236054
is_iei,cmh,less,0.18588362068965517,0.00900812534956406,204,144,60,0.05809107186714324
n_nonimmune_tissues,ve,greater,1.3757337367264506,0.08445204152457514,204,144,60,0.16890408304915028
max_nonimmune_ntpm,ve,greater,-0.6746788847340576,0.7500600986914401,204,144,60,0.7500600986914401
rest_cells_ratio,ve,less,-0.5408911617403667,0.2942913015720655,204,144,60,0.33633291608236054
