test,observed,expected,hyper_p,perm_p,drawn
positives pass evidence floor,4,0.825616072830011,0.008150249661348826,0.00814,263
positives pass full gate,3,0.618427248469628,0.02252357150117423,0.0228,197
safety enriches given evidence,3,2.9961977186311786,0.7374821137308164,,197
