ranking,median tolerance loss,median z_l2,rejected on tolerance,rejected on homeostasis,pass gate
naive suppression (ours),0.543842780968111,140.98361370598707,44,76,13
z_l2 (pure effect magnitude),0.2942509665343612,178.76304806126328,28,71,18
collateral DE count,0.2916788285778824,178.76304806126328,28,69,20
|score| (sign-blind),0.543842780968111,140.98361370598707,44,76,13
